{
  "questions": [
    {
      "question": "q1",
      "answers": [
        "answer1",
        "answer2",
        "answer3",
        "answer4"
      ],
      "correct_ans": "2",
      "level": "1",
      "team": "animal"
    },
    {
      "question": "what is the ???",
      "answers": [
        "1",
        "3",
        "2",
        "4"
      ],
      "correct_ans": "2",
      "level": "2",
      "team": "animal"
    },
    {
      "question": "12",
      "answers": [
        "1",
        "3",
        "2",
        "4"
      ],
      "correct_ans": "2",
      "level": "3",
      "team": "animal"
    },
    {
      "question": "what is the of the teacher ?",
      "answers": [
        "klara",
        "nada",
        "sana",
        "tsveka"
      ],
      "correct_ans": "2",
      "level": "3",
      "team": "animal"
    },
    {
      "question": "ahcfydschuds\\",
      "answers": [
        "avsvhsahc",
        "dxhxhh",
        "xhgg",
        "xg"
      ],
      "correct_ans": "2",
      "level": "3",
      "team": "animal"
    },
    {
      "question": "what is",
      "answers": [
        "1",
        "2",
        "3",
        "4"
      ],
      "correct_ans": "2",
      "level": "2",
      "team": "animal"
    },
    {
      "question": "how are you?",
      "answers": [
        "good",
        "amazing",
        "bad",
        "wish god to take me"
      ],
      "correct_ans": "2",
      "level": "2",
      "team": "animal"
    }
  ]
}